video_id,channel_id,release_date,status,is_shorts,duration,views_w1,views_w4,views_w13,views_w26,likes_w1,likes_w4,likes_w13,likes_w26,comments_w1,comments_w4,comments_w13,comments_w26,channel_name,video_title
45qTnHVfrKk,UCWkMMrVPVVNxuJFHv4ApiDg,2024-01-01 01:49:55+00:00,public,True,26,3735,,,,330,,,,15,,,,Sub Focus,Bringing in the New Year at Rhythm & Vines festival! ‚ù§Ô∏è
-ziZXEqK0xk,UCIJZA6SJ3JjvuOZgYPYOHnA,2024-01-01 08:00:00+00:00,public,False,1291,98721,,,,7306,,,,248,,,,Wiloo,‚öΩ Le football en 2024‚Ä¶
iEzREhgh268,UCjPLSfHW5YMkvwSCeP8NCTQ,2024-01-01 09:00:33+00:00,public,True,30,87,,,,8,,,,0,,,,Wave City,Subscribe for daily Wave uploads üåä
8l9Ae4wVgjs,UCP46_MXP_WG_auH88FnfS1A,2024-01-01 11:00:11+00:00,public,False,581,95996,,,,7171,,,,140,,,,Nota Bene,Ce temple cambodgien est absolument incroyable ! Baphuon : la Montagne d‚Äôor d‚ÄôAngkor
RhjmYaFCszA,UCO0sfpPwj3PGVVH_jiqBA6A,2024-01-01 11:11:37+00:00,public,False,178,2555,,,,79,,,,3,,,,Future House Cloud,LAZAR & Cedstone - Torn
Bsqca6MZk0Y,UC_aEa8K-EOJ3D6gOs7HcyNg,2024-01-01 14:00:05+00:00,public,True,29,25286,,,,2013,,,,88,,,,NoCopyrightSounds,Starting the year with a bang üí• #music #ncs #newmusic #nocopyrightmusic
grZ5U5qitBQ,UCO0sfpPwj3PGVVH_jiqBA6A,2024-01-01 14:56:31+00:00,public,False,127,2580,,,,99,,,,3,,,,Future House Cloud,"Gulmee, Nick Giardino & Manda Malina - Last Friday Night"
19g9ZgKLp8U,UC3S6m1mbQbyYed33uK3-n1w,2024-01-01 15:00:02+00:00,public,False,185,2072,,,,139,,,,9,,,,Smash The House,BLUCKTHER x Azuria - Never Enough (Official Audio)
_-Qm2YLp96I,UCXvSeBDvzmPO05k-0RyB34w,2024-01-01 15:00:21+00:00,public,False,227,8808,,,,373,,,,24,,,,Future House Music,Ofenbach - Overdrive (feat. Norma Jean Martine) [Extended VIP Mix]
88BTxqphIbo,UC1WKD9pJt5Sa4DCVaoJSAGw,2024-01-01 16:00:03+00:00,public,False,237,738,,,,36,,,,4,,,,JompaMusic,Galantis - Runaway (Kaval Flip)
yGBx03K3Ed8,UCjPLSfHW5YMkvwSCeP8NCTQ,2024-01-01 16:46:29+00:00,public,False,217,1895,,,,78,,,,4,,,,Wave City,LXST CXNTURY - ANDROMEDA
H0MDQzALKic,UCwIgPuUJXuf2nY-nKsEvLOg,2024-01-01 17:00:08+00:00,public,False,234,17848,,,,1039,,,,37,,,,AirwaveMusicTV,Youth In Circles & Fendy Cisneros - Hold Me (Lyrics) feat. Daye
XhWDfW3VP5s,UCGZXYc32ri4D0gSLPf2pZXQ,2024-01-01 17:00:26+00:00,public,True,19,10165,,,,774,,,,47,,,,Armada Music TV,Do you consider Armin the king of dance music?üëë
VRWq4_9CQec,UCjPLSfHW5YMkvwSCeP8NCTQ,2024-01-01 17:00:31+00:00,public,True,42,296,,,,37,,,,1,,,,Wave City,Subscribe for daily Wave uploads üåä
wenbyY3iYMw,UCpDJl2EmP7Oh90Vylx0dZtA,2024-01-01 17:00:40+00:00,public,True,31,12304,,,,691,,,,7,,,,Spinnin' Records,Dive into the night with the Night Version of KSHMR's 'Tears On The Dancefloor' feat.Hannah Boleynüåô
FyVBZyYQxtk,UCsN8M73DMWa8SPp5o_0IAQQ,2024-01-01 17:20:32+00:00,public,True,38,19891,,,,1254,,,,15,,,,Tomorrowland,20 years uniting the world
i_gi1eSD93A,UCO0sfpPwj3PGVVH_jiqBA6A,2024-01-01 17:57:43+00:00,public,False,100,2920,,,,89,,,,6,,,,Future House Cloud,Max Fail - All The Small Things (Techno Remix)
VC9S-2-VS7o,UCPfyre-gaEZkTl5oCoxtkSQ,2024-01-01 18:00:13+00:00,public,False,180,517,,,,31,,,,4,,,,Glitch Hop Community,DLuZion - VOID
eexoZn14Ka0,UCuw1VDsmOWOldKGLYq6AkVg,2024-01-01 19:00:15+00:00,public,False,1265,4530,,,,254,,,,15,,,,Lofi Girl - Chill Beats,Juli√†n - Mysteries Of Life [lofi hip hop/relaxing beats]
3i7qgi3M30Q,UCxfusAsd_n5AMFheiipyaCw,2024-01-01 19:19:54+00:00,public,False,490,57697,,,,2188,,,,90,,,,Romain Molina,Mercato hivernal 2024 : record de d√©penses en vue ?
xXfPKvj6deg,UCTc3vxWltlHLaxZc3e56IJg,2024-01-01 20:15:21+00:00,public,False,294,1333,,,,58,,,,4,,,,House City,Borat's Disco Dance Theme Song (Bad Boombox House Remix)
KJIHzzL9et0,UCOhQIYaXprFIgpfvi-4qvUA,2024-01-01 20:24:34+00:00,public,False,147,260,,,,24,,,,2,,,,Lovibes,"Aiguille, Tah. - Relish"
-sZYPQXlvw4,UCRhyS_ylPQ5GWBl1lK92ftA,2024-01-01 21:17:30+00:00,public,True,60,24721,,,,1947,,,,102,,,,L√©o - TechMaker,Gaming in 2024
DcbH3TxWtOs,UC65afEgL62PGFWXY7n6CUbA,2024-01-01 21:32:58+00:00,public,False,150,28284,,,,1163,,,,111,,,,Trap City,"GTA 6 Trailer Song ""Love Is A Long Road"" (Kosfinger Drill Remix)"
2smzJwgUYQY,UCzTR9iSH-TFC4-ocDS_ll4A,2024-01-01 22:00:01+00:00,public,False,238,21740,,,,1046,,,,163,,,,Sheet Music Boss,Pharrell Williams - Happy - Piano Tutorial
hpaB-N5QmlU,UC65afEgL62PGFWXY7n6CUbA,2024-01-01 23:33:42+00:00,public,True,14,13486,,,,627,,,,11,,,,Trap City,GTA 6 theme turned into Drill üï∫
BTryyW7gqg4,UCYO_jab_esuFRV4b17AJtAw,2024-01-02 00:00:09+00:00,public,True,60,103745,,,,7284,,,,30,,,,3Blue1Brown,"Definition of a ""bit"", in information theory"
82Z9lRlQkPc,UCn9tXkXDxeHdZ6RZpYB2ELg,2024-01-02 09:00:03+00:00,public,False,56,12617,,,,139,,,,54,,,,Nintendo France,Temps forts du Nintendo eShop ‚Äì D√©cembre 2023 (Nintendo Switch)
KC_nUF0mfcg,UCO0sfpPwj3PGVVH_jiqBA6A,2024-01-02 09:23:15+00:00,public,False,163,3455,,,,105,,,,11,,,,Future House Cloud,Crystal Rock - Pok√©mon Theme (ft. Austin Christopher)(BETASTIC Remix)
6PLWDsSZ_UE,UC_aEa8K-EOJ3D6gOs7HcyNg,2024-01-02 11:09:00+00:00,public,False,226,135694,,,,5323,,,,460,,,,NoCopyrightSounds,Jonth - WHAT | Jump Up | NCS - Copyright Free Music
AkMmJkzYrOs,UCGZXYc32ri4D0gSLPf2pZXQ,2024-01-02 12:00:05+00:00,public,False,3619,4590,,,,217,,,,28,,,,Armada Music TV,Armada Next | Episode 194 | Ben Malone
iYI3odqHgEg,UCIKF1msqN7lW9gplsifOPkQ,2024-01-02 12:16:46+00:00,public,False,171,6987,,,,328,,,,7,,,,GalaxyMusic,Shiah Maisel & Clarx & AViVA - Done Better
8Xh7LNBR-Ts,UCFUMI05jgO_O88Px8qfCQeQ,2024-01-02 13:02:04+00:00,public,False,148,9430,,,,212,,,,12,,,,Tribal Trap,SKETS - NO MERCY [Phonk]
sCuQEZmAMrg,UCO0sfpPwj3PGVVH_jiqBA6A,2024-01-02 13:14:37+00:00,public,False,158,3614,,,,137,,,,6,,,,Future House Cloud,NOTSOBAD & LANN√â - Heroes (Broken Bearz Remix)
FrnBP2faDfc,UCiiN5Ld9pGMwcYrLUJfYlCQ,2024-01-02 13:55:06+00:00,public,True,16,1044,,,,27,,,,1,,,,Mixmash Records,Our boss knows his tricks on every set-up üî• #shorts #dj #djtricks
LAm79iE4g4o,UCu5jfQcpRLm9xhmlSd5S8xw,2024-01-02 14:09:00+00:00,public,True,26,9111,,,,1083,,,,55,,,,Armin van Buuren,‚ÄòMotive‚Äô is all about looking deep into oneself to find your needs and desires. #shorts
ei5pOghgAaY,UC5H_KXkPbEsGs0tFt8R35mA,2024-01-02 14:16:43+00:00,public,True,53,51619,,,,5677,,,,116,,,,Martin Garrix,Happy New Year from Bali!! wishing all of you an epic 2024 filled with love ‚ù§Ô∏è‚ù§Ô∏è‚ù§Ô∏è
ExJR__48bL0,UCSXm6c-n6lsjtyjvdD0bFVw,2024-01-02 14:26:05+00:00,public,False,203,16585,,,,1025,,,,44,,,,Liquicity,Andromedik & Lexurus - Adrenaline (ft. Nu-La)
PHvH83kXtFM,UC1vdi4J54ucetZoFAfQenMg,2024-01-02 14:46:04+00:00,public,True,10,2181,,,,68,,,,8,,,,Laidback Luke,There actually is something I do love about the flagship setup üòÖ #shorts #djsetup #dj
-fMoX_eQU3I,UCjPLSfHW5YMkvwSCeP8NCTQ,2024-01-02 15:00:00+00:00,public,False,176,2107,,,,108,,,,7,,,,Wave City,Giyumito - Last Memory
8wX8qliJ54Q,UCXvSeBDvzmPO05k-0RyB34w,2024-01-02 15:00:05+00:00,public,False,234,9234,,,,445,,,,22,,,,Future House Music,Cass√∂ x Raye x D Block Europe - Prada (Holy Goof Remix)
NBnGWh2gjKI,UCMRrge2ToIanH-mU-2sYWFw,2024-01-02 15:00:15+00:00,public,False,247,3100,,,,108,,,,6,,,,Melodic Airwave,ARCTICA - Afterglow (Lyrics) feat. Jaime Deraz
j59FM-qcDVQ,UCTc3vxWltlHLaxZc3e56IJg,2024-01-02 15:00:27+00:00,public,False,244,1224,,,,52,,,,4,,,,House City,Kid Cudi - Day 'N' Nite (BVRNOUT Remix)
PkIIkq4S7QI,UCjPLSfHW5YMkvwSCeP8NCTQ,2024-01-02 15:00:27+00:00,public,True,37,82,,,,9,,,,0,,,,Wave City,Subscribe for daily Wave uploads üåä
l3Ut0fAckAc,UC3S6m1mbQbyYed33uK3-n1w,2024-01-02 15:00:39+00:00,public,False,223,2536,,,,130,,,,8,,,,Smash The House,Don Fuego - All I Want (All Night) [ft. ANDREWBATES] (Official Audio)
kJ8fR0XD8lY,UC5H_KXkPbEsGs0tFt8R35mA,2024-01-02 15:10:38+00:00,public,False,715,228939,,,,13342,,,,652,,,,Martin Garrix,MARTIN GARRIX LIVE @ ROTTERDAM NYE FIREWORKS 2024
3byJ0oTLDtA,UChAhCmcGr2sDO27t_t6ndbA,2024-01-02 15:23:51+00:00,public,True,19,849,,,,66,,,,8,,,,SICK INDIVIDUALS,"New year, new music. Can‚Äôt wait for this one!"
a24rhuUnik8,UC3hV4vnwzTUPSb7CAx4mXvg,2024-01-02 15:40:42+00:00,public,True,46,3981,,,,230,,,,11,,,,Blasterjaxx,This was insane #neoncountdown! üî• Wishing you all an incredible 2024 ‚ù§Ô∏è‚Äçüî•
mAUh7b3cOt8,UC1WKD9pJt5Sa4DCVaoJSAGw,2024-01-02 16:00:23+00:00,public,False,263,712,,,,29,,,,3,,,,JompaMusic,Attack On Titan - Call of Silence (TAIGA Remix)
t36ySibM1BI,UCt08KVHPt7rxSvbouUbz0sg,2024-01-02 16:30:37+00:00,public,True,37,52514,,,,6303,,,,82,,,,CrazyBomb World,La Mort pas Ouf de Sasha
1iKF6y5CCv0,UC_aEa8K-EOJ3D6gOs7HcyNg,2024-01-02 17:00:00+00:00,public,True,10,26501,,,,2480,,,,71,,,,NoCopyrightSounds,Who‚Äôs feeling good today? #music #ncs #feelgood #nocopyrightmusic
AZmFoGIXC8I,UCOxqgCwgOqC2lMqC5PYz_Dg,2024-01-02 17:00:07+00:00,public,True,7,5943,,,,717,,,,13,,,,Chillhop Music,This is how everyone wants to spend Jan 1st
ZOS9ME5iSAg,UCGZXYc32ri4D0gSLPf2pZXQ,2024-01-02 17:00:20+00:00,public,True,19,7617,,,,900,,,,36,,,,Armada Music TV,HAPPY NEW YEAR EVERYONE! FROM ALL OF US AT ARMADA MUSIC TO YOU! ‚ù§Ô∏èüéá
WBriz93sJaQ,UCCvVpbYRgYjMN7mG7qQN0Pg,2024-01-02 17:00:30+00:00,public,False,169,5704,,,,289,,,,32,,,,Bass Nation,Runnit - RUSH
fY7mtDI26Gc,UCwIgPuUJXuf2nY-nKsEvLOg,2024-01-02 17:00:31+00:00,public,False,231,18263,,,,1022,,,,38,,,,AirwaveMusicTV,HGHTS & SOFYKA - Set Me Free (Lyrics)
yZNWSuwXYg8,UCpDJl2EmP7Oh90Vylx0dZtA,2024-01-02 17:00:41+00:00,public,True,9,30888,,,,956,,,,24,,,,Spinnin' Records,The ball dribbled himüòÇ#electronicmusic #soccer #football #fail #shorts  üìπ: zsrs
D1AOSSIApBg,UCY-_QmcW09PHAImgVnKxU2g,2024-01-02 18:00:09+00:00,public,True,34,775481,,,,68556,,,,169,,,,SQUEEZIE GAMING,"Squeezie devient un ""m√¢le alpha"""
O_15VtBah5o,UCWeg2Pkate69NFdBeuRFTAw,2024-01-02 18:00:14+00:00,public,True,15,403467,,,,17417,,,,42,,,,SQUEEZIE,J'ai pris une bonne d√©cision !
cPrIAW4IDsI,UCO0sfpPwj3PGVVH_jiqBA6A,2024-01-02 18:00:15+00:00,public,False,158,4164,,,,112,,,,7,,,,Future House Cloud,"MikT, BASTL & New Beat Order - More (ft. Matthew Clanton)(Hypertechno Remix)"
yB9w2eR79Iw,UCRhyS_ylPQ5GWBl1lK92ftA,2024-01-02 18:01:23+00:00,public,True,60,149043,,,,19077,,,,523,,,,L√©o - TechMaker,Est-ce que c‚Äôest vous ? J‚Äôai besoin de savoir.
egodx47foyc,UCnhHe0_bk_1_0So41vsZvWw,2024-01-02 18:35:57+00:00,public,True,12,13520,,,,1168,,,,40,,,,Revealed Music,THE OLDSKOOL SOUND IS BACK WITH HARDWELL'S UPCOMING RELEASE THIS FRIDAY üöÄ #BIGROOMHOUSE #EDM
iVujRzY-oAY,UCrUT57KGEzrCrmLb4PRgluw,2024-01-02 20:34:37+00:00,public,False,166,1045,,,,78,,,,9,,,,DIM MAK,Umbree - Never Come Back | COPYRIGHT FREE MUSIC
Ly0ZWTMvXls,UCzTR9iSH-TFC4-ocDS_ll4A,2024-01-02 22:00:08+00:00,public,False,83,17468,,,,607,,,,99,,,,Sheet Music Boss,Mystery Gift (from Pok√©mon X & Y) - Piano Duet - Piano Tutorial
JLcpfa3vz4U,UCBYg9_11ErMsFFNR66TRuLA,2024-01-03 05:14:06+00:00,public,False,280,3936,,,,172,,,,15,,,,Koala Kontrol,one hope - an ode to what could be (lyrics)
teYL0Er4c3g,UCYO_jab_esuFRV4b17AJtAw,2024-01-03 07:00:30+00:00,public,True,60,548223,,,,32802,,,,297,,,,3Blue1Brown,A beautiful international math olympiad problem
_l1qouk_OwY,UCKhvCrZV95i7-czm8dHCzEQ,2024-01-03 09:43:55+00:00,public,True,45,401,,,,9,,,,0,,,,Fonk Recordings,Arkins - Come With Me (Dannic Edit) #comewithme #electronicmusic #dancemusic
SbzCX5ckBf0,UC1vdi4J54ucetZoFAfQenMg,2024-01-03 10:13:00+00:00,public,True,27,1197,,,,40,,,,2,,,,Laidback Luke,This was definitely up there with one of my 2023 highlights! #shorts #dj
-jT0_BReaXg,UCiiN5Ld9pGMwcYrLUJfYlCQ,2024-01-03 11:20:53+00:00,public,True,9,1311,,,,32,,,,0,,,,Mixmash Records,Our boss killed it at Afrojack‚Äôs party! üî• #shorts #dj #djskills
iOoWrZMdHRA,UCO0sfpPwj3PGVVH_jiqBA6A,2024-01-03 11:32:27+00:00,public,False,146,2704,,,,129,,,,9,,,,Future House Cloud,Rasster - My Mind (ft. Brendan Cleary)
cWWqr5ypRm4,UCYGjxo5ifuhnmvhPvCc3DJQ,2024-01-03 13:00:26+00:00,public,False,1001,1037474,,,,71384,,,,705,,,,Wankil Studio - Laink et Terracid,VOS PIRES CADEAUX DE NO√ãL #5
gkfA26ylths,UCLxqd1S685Mpyk9wy8jkVJQ,2024-01-03 13:00:38+00:00,public,False,77,443,,,,37,,,,0,,,,Dannic,BEACHCLUB IN SINGAPORE | ASIA TOUR 2/3
ojGsD_EmEqE,UCFUMI05jgO_O88Px8qfCQeQ,2024-01-03 13:00:45+00:00,public,False,67,8161,,,,436,,,,15,,,,Tribal Trap,ARXMANE - CASA FUNK [Brazilian Phonk]
tjQuwXugO5M,UCO0sfpPwj3PGVVH_jiqBA6A,2024-01-03 13:25:00+00:00,public,False,202,2860,,,,127,,,,14,,,,Future House Cloud,Dawell & No ExpressioN - Who's That Chick (ft. Sophia Makrich)
1SNaz7MdzG0,UCyWqModMQlbIo8274Wh_ZsQ,2024-01-03 13:39:15+00:00,public,True,60,194867,,,,21108,,,,308,,,,Cyprien,Je vous d√©voile enfin mon dessin
V69eEEkNBUk,UCu5jfQcpRLm9xhmlSd5S8xw,2024-01-03 13:59:40+00:00,public,True,47,18210,,,,2329,,,,100,,,,Armin van Buuren,Nothing beats a classic! Little throwback to the 6 hour classic set I did last year üî•#shorts
79__v_vwwC4,UCZRiXu9UWkOnavBTc8DHq4g,2024-01-03 14:00:08+00:00,public,False,170,9773,,,,164,,,,15,,,,Distraction,"DJSM, SP3CTRUM, Milan Gavris - Maniac"
tDoHsX1DPG4,UCvNjdDE6xRuvYVhUGAl2BIQ,2024-01-03 14:00:41+00:00,public,False,148,281,,,,14,,,,1,,,,2Dutch Music Group,Tweak- I'm Like Fire [Tech House] | The Greenroom
2yuk5Sw77fQ,UCTc3vxWltlHLaxZc3e56IJg,2024-01-03 15:00:02+00:00,public,False,246,908,,,,34,,,,3,,,,House City,50 Cent - Just a Lil Bit (SELL OUT MC x TORIE Tech House Remix)
Maxdffginzk,UCXvSeBDvzmPO05k-0RyB34w,2024-01-03 15:00:22+00:00,public,False,218,9466,,,,495,,,,32,,,,Future House Music,Far East Movement - Like A G6 (Curbi Remix)
YDylDsuGvak,UCjPLSfHW5YMkvwSCeP8NCTQ,2024-01-03 15:00:27+00:00,public,False,208,831,,,,51,,,,2,,,,Wave City,areal x hvvvn - entropy
dvspegn7NnU,UCjPLSfHW5YMkvwSCeP8NCTQ,2024-01-03 15:00:47+00:00,public,True,44,59,,,,5,,,,0,,,,Wave City,Subscribe for daily Wave uploads üåä
X8E2O0hadSg,UCj_Y-xJ2DRDGP4ilfzplCOQ,2024-01-03 15:13:13+00:00,public,False,143,5913,,,,252,,,,24,,,,House Nation,"SAYMRK, Maria Beyer, Alosa - Snap"
dxKbFSy8kYY,UCQ8Nk1VgyMgM7Mx3sX8WhPw,2024-01-03 15:15:13+00:00,public,False,5,395134,,,,31622,,,,541,,,,Pringus McDingus,Frieren
DCut4DbZiwE,UC1WKD9pJt5Sa4DCVaoJSAGw,2024-01-03 16:00:07+00:00,public,False,173,487,,,,21,,,,3,,,,JompaMusic,"Skrillex, Bibi Bourelly, & Sonny Moore - Don't Get Too Close (SpaceYeti Remix)"
oFxekVFBLOE,UCpDJl2EmP7Oh90Vylx0dZtA,2024-01-03 16:00:27+00:00,public,False,190,41472,,,,1889,,,,64,,,,Spinnin' Records,"Steve Aoki, Showtek & Jem Cooke - Mirror Mirror (Showtek 360 Blue Edit) [Official Audio]"
ebnDQr7JywI,UCZ8kV8vuMdDLSerCIFfWnFQ,2024-01-03 16:30:06+00:00,public,False,335,418215,,,,16765,,,,416,,,,Studio Bagel,"DANS 5 ANS : OuiLove, le consentement 2.0 (avec Hakim Jemili, Laura Felpin et Roman Frayssinet)"
B5mqTeROFiM,UCwIgPuUJXuf2nY-nKsEvLOg,2024-01-03 17:00:07+00:00,public,False,206,15734,,,,928,,,,24,,,,AirwaveMusicTV,Xyan - Let Go (Lyrics) feat. glasscat
WK4VjRcfGYE,UCpDJl2EmP7Oh90Vylx0dZtA,2024-01-03 17:00:21+00:00,public,True,25,15643,,,,712,,,,14,,,,Spinnin' Records,Shooting into 2024 like‚Ä¶‚ú®#skydiving #sunset #fireworks #shorts #electronicmusic üìπ: redbullairforce
hzf9DPtpI6o,UC_aEa8K-EOJ3D6gOs7HcyNg,2024-01-03 17:00:28+00:00,public,True,13,21009,,,,1677,,,,48,,,,NoCopyrightSounds,üò∏ #ncs #music #nocopyrightmusic #hellcat
FXe2eVbtFsU,UCGZXYc32ri4D0gSLPf2pZXQ,2024-01-03 17:00:32+00:00,public,True,30,4812,,,,198,,,,11,,,,Armada Music TV,Can‚Äôt get any better than this celebrating New Year‚Äôs with our favorites!
FWGrQRIMkMM,UC32W3Kpoh6T6pG5PrWm0LTQ,2024-01-03 17:38:59+00:00,public,True,29,773,,,,40,,,,3,,,,Dharma Worldwide,This techno mix of Ameno is going crazy all over the world üî•üåç #shorts #techno #edm
7wjrHHa7g7M,UC-EVnno6x6-aAG6g1ZVoN3A,2024-01-03 18:00:03+00:00,public,True,20,3943,,,,343,,,,16,,,,Oliver Heldens,Excited to announce my collab with #ianasher & #sergiomendes is arriving Jan 12th ü•≥üáßüá∑ #MasQueNada
J16A3RwJvvw,UCWeg2Pkate69NFdBeuRFTAw,2024-01-03 18:00:10+00:00,public,True,56,43797,,,,3410,,,,13,,,,SQUEEZIE,Je suis fan des Jones
ltEo4sNJYqA,UCY-_QmcW09PHAImgVnKxU2g,2024-01-03 18:00:31+00:00,public,True,29,243100,,,,23810,,,,173,,,,SQUEEZIE GAMING,Le No√´l des Squeezos
fgUkL3EYQDI,UCO0sfpPwj3PGVVH_jiqBA6A,2024-01-03 18:25:49+00:00,public,False,115,3076,,,,104,,,,9,,,,Future House Cloud,"Techy Chan, Krayoni & Medusa - Everytime We Touch (ft. Mvnsin)(Techno Remix)"
I-ngG0Iz_rY,UCMOgdURr7d8pOVlc-alkfRg,2024-01-03 19:03:50+00:00,public,False,196,22586,,,,1281,,,,37,,,,xKito Music,Kirara Magic - Melt
dUEhCVXXU3I,UCRhyS_ylPQ5GWBl1lK92ftA,2024-01-03 19:08:38+00:00,public,True,60,98769,,,,7663,,,,466,,,,L√©o - TechMaker,Une plainte pour vi0l en r√©alit√© virtuelle re√ßu par la police
WqpZTYqqeKY,UCOhQIYaXprFIgpfvi-4qvUA,2024-01-03 20:32:54+00:00,public,False,161,202,,,,23,,,,3,,,,Lovibes,Dosi - Our Place
MlOV8dnT034,UC-v8o-39gThc7Mu2NzBrHkw,2024-01-03 21:01:10+00:00,public,False,81,20170,,,,761,,,,19,,,,Bass City,Anar - AREAMATE MIZ
9QiW70Zo1Fg,UC65afEgL62PGFWXY7n6CUbA,2024-01-03 21:25:17+00:00,public,False,165,20785,,,,653,,,,21,,,,Trap City,Major Lazer - Pon De Floor (NIKKO Trap Remix)
4TYWgklCPnc,UCzTR9iSH-TFC4-ocDS_ll4A,2024-01-03 22:00:01+00:00,public,False,198,9293,,,,525,,,,107,,,,Sheet Music Boss,The Jerall Mountains (from The Elder Scrolls V: Skyrim) - Piano Tutorial
Nu2HZskRi_E,UCIJZA6SJ3JjvuOZgYPYOHnA,2024-01-03 22:40:07+00:00,public,False,1412,56217,,,,3077,,,,115,,,,Wiloo,üçæ 2024 d√©marre bien‚Ä¶ (PSG 2-0 Toulouse)
kq3V5HpSkR8,UCBODyKF0JMbUd6D9Bklyzbw,2024-01-03 23:15:35+00:00,public,False,993,564450,,,,30050,,,,1080,,,,Alpharad,I visited Japan's Best ANIME Theme Park
-4-10oem6U4,UCib8MAX3TwtAPw007zcraRg,2024-01-04 06:13:11+00:00,public,False,36,,,,,,,,,,,,,shar,HoYoFair 2024 | Zhongli's Character Demo Behind-the-scenes
975jkrtJpC8,UCO0sfpPwj3PGVVH_jiqBA6A,2024-01-04 09:03:13+00:00,public,False,181,,,,,,,,,,,,,Future House Cloud,Vanillaz - Live Forever (BeTheMeister Edit)
de6X9uwpKYM,UCP46_MXP_WG_auH88FnfS1A,2024-01-04 11:00:35+00:00,public,False,1000,,,,,,,,,,,,,Nota Bene,"Poser un lapin, avoir un nom √† coucher dehors, faire une nuit blanche‚Ä¶- Les expressions anciennes"
QUsg4kgvwBo,UC_aEa8K-EOJ3D6gOs7HcyNg,2024-01-04 11:09:00+00:00,public,False,257,,,,,,,,,,,,,NoCopyrightSounds,More Plastic & Halvorsen - Sunrise | DnB | NCS - Copyright Free Music
aVyHLORIf40,UCSXm6c-n6lsjtyjvdD0bFVw,2024-01-04 11:25:11+00:00,public,False,268,,,,,,,,,,,,,Liquicity,Low:r - Rave Rain (ft. Tempza)
F05JIHE_Cjs,UCXvSeBDvzmPO05k-0RyB34w,2024-01-04 12:00:17+00:00,public,False,189,,,,,,,,,,,,,Future House Music,Sia - Gimme Love (Sentinel Remix)
PRQHEFE6wuE,UCIKF1msqN7lW9gplsifOPkQ,2024-01-04 12:13:22+00:00,public,False,236,,,,,,,,,,,,,GalaxyMusic,Rameses B - Morning Drift
1RaZ6oxlKyc,UCO0sfpPwj3PGVVH_jiqBA6A,2024-01-04 13:05:49+00:00,public,False,144,,,,,,,,,,,,,Future House Cloud,Lynhare & Levis Della - Comme Ci Comme Ca (ft. Cmagic5)
SAYwiH83Dz0,UC2ZsqkwvxEpw-aYAIJHTRDg,2024-01-04 13:11:32+00:00,public,True,15,,,,,,,,,,,,,WALL Recordings,POV: When #afrojack plays your favorite track ‚ÄòChain Gang‚Äô üî• #japan
IdlrYNIBBb0,UCIJZA6SJ3JjvuOZgYPYOHnA,2024-01-04 13:32:45+00:00,public,False,1193,,,,,,,,,,,,,Wiloo,üò≤ Girona est incroyable‚Ä¶
dBWyaz3bVLI,UCj_Y-xJ2DRDGP4ilfzplCOQ,2024-01-04 14:00:24+00:00,public,False,219,,,,,,,,,,,,,House Nation,Kevin Rudolf & BVRNOUT - Let It Rock
3tqNWz0rTJA,UCnhHe0_bk_1_0So41vsZvWw,2024-01-04 14:52:45+00:00,public,True,18,,,,,,,,,,,,,Revealed Music,HAVE YOU EVER HEARD BRAZILIAN TECHNO? üáßüá∑ #techno #brazil #vinne
8zfN8Ft8-Dg,UCnhHe0_bk_1_0So41vsZvWw,2024-01-04 14:57:21+00:00,public,True,40,,,,,,,,,,,,,Revealed Music,THIS HARDWELL TUNE JUST GOT A HARD DANCE REMIX BY RADICAL REDEMPTION ü§Ø #hardwell #hardstyle
3QjTX96VtkM,UCXvSeBDvzmPO05k-0RyB34w,2024-01-04 15:00:05+00:00,public,False,400,,,,,,,,,,,,,Future House Music,Mason vs Princess Superstar - Perfect (Exceeder) [Extended Mix] | Saltburn Viral Song
E5Fgdw6ZD-4,UCCvVpbYRgYjMN7mG7qQN0Pg,2024-01-04 15:00:12+00:00,public,False,117,,,,,,,,,,,,,Bass Nation,SLIGHT - RUPTURE
Aye9nxuK-us,UCMRrge2ToIanH-mU-2sYWFw,2024-01-04 15:00:12+00:00,public,False,199,,,,,,,,,,,,,Melodic Airwave,"yetep, Afinity & Micah Martin - Never Go Back (Lyrics)"
P1lAz68qftw,UCjPLSfHW5YMkvwSCeP8NCTQ,2024-01-04 15:00:16+00:00,public,False,140,,,,,,,,,,,,,Wave City,OCCULTWAVES X GRVI - Destiny
dzX3IATaRTs,UCjPLSfHW5YMkvwSCeP8NCTQ,2024-01-04 15:00:22+00:00,public,True,39,,,,,,,,,,,,,Wave City,Subscribe for daily Wave uploads üåä
IYVhjbkN5uI,UCTc3vxWltlHLaxZc3e56IJg,2024-01-04 15:00:23+00:00,public,False,323,,,,,,,,,,,,,House City,Excision - Drowning (Dreema Techno Remix)
rxnJU9QyDRE,UCnhHe0_bk_1_0So41vsZvWw,2024-01-04 15:00:44+00:00,public,False,219,,,,,,,,,,,,,Revealed Music,Tim Hox & Manuals - Quaestio (i've got a question babe)
tSe98DnSpkU,UC3S6m1mbQbyYed33uK3-n1w,2024-01-04 15:23:03+00:00,public,True,43,,,,,,,,,,,,,Smash The House,"Studio-tested, stage-approvedüôåüèΩ #techno #technomusic #dimitrivegasandlikemike #tiesto #dido"
PsXRr78OPjc,UCpDJl2EmP7Oh90Vylx0dZtA,2024-01-04 15:30:10+00:00,public,False,3599,,,,,,,,,,,,,Spinnin' Records,Spinnin‚Äô Sessions Radio ‚Äì Episode #556 | NOYSE
NyfY7WH1enw,UC1vdi4J54ucetZoFAfQenMg,2024-01-04 15:36:04+00:00,public,True,28,,,,,,,,,,,,,Laidback Luke,This has been a real timesaver! üî• Check out my laidback limiter through Splice rent to own! #shorts
6Upwq4abids,UCnhHe0_bk_1_0So41vsZvWw,2024-01-04 15:39:50+00:00,public,True,49,,,,,,,,,,,,,Revealed Music,THIS ACID TECHNO REMIX FOR HARDWELL IS NEXT LEVEL ü§Ø #acidtechno #hardwell #asys #producer #remix
6hQwnMR1lc8,UC1WKD9pJt5Sa4DCVaoJSAGw,2024-01-04 16:00:05+00:00,public,False,233,,,,,,,,,,,,,JompaMusic,Jauks & ElmyX - Flipside
B-NvUosXa2U,UCiiN5Ld9pGMwcYrLUJfYlCQ,2024-01-04 16:00:10+00:00,public,False,3638,,,,,,,,,,,,,Mixmash Records,Laidback Luke Presents: Mixmash Radio | Episode 448
C-7grIqzvao,UCpDJl2EmP7Oh90Vylx0dZtA,2024-01-04 17:00:12+00:00,public,True,21,,,,,,,,,,,,,Spinnin' Records,Dance the night away to Matt Hawk - HABANEROüî•üìπ: amusecrew #shorts
VW8uJqzaTUs,UCGZXYc32ri4D0gSLPf2pZXQ,2024-01-04 17:00:17+00:00,public,True,36,,,,,,,,,,,,,Armada Music TV,Still can‚Äôt believe this actually happened! What an unreal scene it is playing the highest DJ set!
ePa14EYe7dI,UC_aEa8K-EOJ3D6gOs7HcyNg,2024-01-04 17:00:27+00:00,public,True,8,,,,,,,,,,,,,NoCopyrightSounds,This one never gets old üíõ #ncs #music #nocopyrightmusic #firefly
aJeEjHlYJrU,UCRhyS_ylPQ5GWBl1lK92ftA,2024-01-04 17:03:45+00:00,public,True,60,,,,,,,,,,,,,L√©o - TechMaker,Quelqu‚Äôun a enfin battu Tetris apr√®s 34 ans (et c‚Äôest un enfant de 13 ans)
kuWSixNY_Us,UCZ8kV8vuMdDLSerCIFfWnFQ,2024-01-04 17:34:04+00:00,public,True,41,,,,,,,,,,,,,Studio Bagel,Faut pas lui casser les couilles √† Didier üòÇ #humour #romanfrayssinet #hakimjemili #laurafelpin
p92ZtcZycjQ,UCO0sfpPwj3PGVVH_jiqBA6A,2024-01-04 17:47:19+00:00,public,False,141,,,,,,,,,,,,,Future House Cloud,JANFRY & Strownlex - We Found Love (Techno Remix)
FqwARXhqkTc,UCY-_QmcW09PHAImgVnKxU2g,2024-01-04 18:00:08+00:00,public,True,27,,,,,,,,,,,,,SQUEEZIE GAMING,J'ai le pire rythme de sommeil
tn3il6_4Lf4,UCWeg2Pkate69NFdBeuRFTAw,2024-01-04 18:00:22+00:00,public,True,55,,,,,,,,,,,,,SQUEEZIE,Th√©odort tombe amoureux d'une com√©dienne
sHqfIHMrfhA,UCPfyre-gaEZkTl5oCoxtkSQ,2024-01-04 18:00:26+00:00,public,False,192,,,,,,,,,,,,,Glitch Hop Community,Stupid Prizes - Lights Out
nmSyes2q854,UCxfusAsd_n5AMFheiipyaCw,2024-01-04 18:08:11+00:00,public,False,809,,,,,,,,,,,,,Romain Molina,Asvel : un projet en grand danger
mCrQ2K4S7RQ,UCPk3RMMXAfLhMJPFpQhye9g,2024-01-04 18:24:56+00:00,public,False,66,,,,,,,,,,,,,Ti√´sto,Ti√´sto 2024 Las Vegas Residency
0RoJMGrIaZE,UCuw1VDsmOWOldKGLYq6AkVg,2024-01-04 19:00:43+00:00,public,False,1568,,,,,,,,,,,,,Lofi Girl - Chill Beats,Gerardo Mill√°n - Before the stars ‚ú® [lofi hip hop/sleepy beats]
qUIAiZtwlrw,UCOhQIYaXprFIgpfvi-4qvUA,2024-01-04 20:15:17+00:00,public,False,155,,,,,,,,,,,,,Lovibes,"Krynoze, Juli√†n - Endless Reflexion"
bTpp6csyAK4,UC4rasfm9J-X4jNl9SvXp8xA,2024-01-04 20:59:25+00:00,public,True,19,,,,,,,,,,,,,Ultra Records,incoming: this house heater from Disco Lines x J Worra x Anabel Englund. out 01.12 ü´°üî•
mOOvb0JRwac,UCu5jfQcpRLm9xhmlSd5S8xw,2024-01-04 21:12:27+00:00,public,False,7315,,,,,,,,,,,,,Armin van Buuren,A State of Trance Episode 1154 (@astateoftrance )
l1q07JHTlFs,UCzTR9iSH-TFC4-ocDS_ll4A,2024-01-04 22:00:31+00:00,public,False,104,,,,,,,,,,,,,Sheet Music Boss,It's Showtime! (from Undertale) - Piano Tutorial
HsO2jg78ar0,UCmGSJVG3mCRXVOP4yZrU1Dw,2024-01-04 22:23:49+00:00,public,True,45,,,,,,,,,,,,,Johnny Harris,Why Thai restaurants are everywhere
PA4y6EYl3Go,UCCYyPjBATsUOdwpqrvr8z-Q,2024-01-04 23:00:24+00:00,public,False,189,,,,,,,,,,,,,Protocol Recordings,VIANI & Andrew A - Running Away
tRG1W7V2oME,UCBODyKF0JMbUd6D9Bklyzbw,2024-01-05 01:17:29+00:00,public,True,58,,,,,,,,,,,,,Alpharad,I Accidentally Deleted it All
_BeEw_ecbaI,UCGlEsm9OH04YYcnMpAYXobg,2024-01-05 05:00:16+00:00,public,False,204,,,,,,,,,,,,,OliverHeldensVEVO,10 Out Of 10 (Marlon Hoffstadt aka DJ Daddy Trance Remix (Audio))
oMA807IKJM0,UCO0sfpPwj3PGVVH_jiqBA6A,2024-01-05 09:11:34+00:00,public,False,3729,,,,,,,,,,,,,Future House Cloud,Best Remixes of Popular Songs üîä Music Mix 2024 üéµ EDM Best Music Mix üéß [010]
q3Z9wwX2VvA,UCt08KVHPt7rxSvbouUbz0sg,2024-01-05 09:11:40+00:00,public,True,61,,,,,,,,,,,,,CrazyBomb World,Le Secret d'Armin üëÄ
LSZfIFozjRw,UCCYyPjBATsUOdwpqrvr8z-Q,2024-01-05 10:00:20+00:00,public,False,187,,,,,,,,,,,,,Protocol Recordings,Leandro Da Silva - Night Owls
x2GaB4V-BdE,UCvNjdDE6xRuvYVhUGAl2BIQ,2024-01-05 10:30:29+00:00,public,False,176,,,,,,,,,,,,,2Dutch Music Group,Mazdem - Body Heat [Deep House]
mphPkRk0YKc,UC1vdi4J54ucetZoFAfQenMg,2024-01-05 10:55:25+00:00,public,True,17,,,,,,,,,,,,,Laidback Luke,This has been one of the most special things I ever got to do! #shorts #dad #dadlife
imR7Gi5eX3o,UCZe-1I-T8m9m5ctLdNx4SNg,2024-01-05 11:00:39+00:00,public,False,183,,,,,,,,,,,,,Rave Culture,AXMO x Groove Coverage x AKI-HIRO - Poison
t-bUbZPwgu0,UC_FSjhzXRorZRJTLkzf3INw,2024-01-05 11:00:56+00:00,public,False,147,,,,,,,,,,,,,W&W,Marnik & Naeleck - Boyz In Paris (with VINAI) [W&W HardRave Mix]
uWTQNyoDcJQ,UCSXm6c-n6lsjtyjvdD0bFVw,2024-01-05 11:12:22+00:00,public,False,170,,,,,,,,,,,,,Liquicity,Cartoon & Ewert Sundja - Oblivion
Zn8ts2NkJ44,UCiiN5Ld9pGMwcYrLUJfYlCQ,2024-01-05 11:16:39+00:00,public,True,16,,,,,,,,,,,,,Mixmash Records,Sometimes you just need to use AI to your advantage üòé #shorts #ai #aigenerated
8o6jHBFF2gs,UCeQwCalZK1scamopwHt9UWw,2024-01-05 11:57:37+00:00,public,False,73,,,,,,,,,,,,,ÎûåÎã§Îûå RAMDARAM,üê≤ÎûåÎã§Îûå 2024 Ï≤≠Î£° ÏóêÎîîÏÖò ÍµøÏ¶à Ï∂úÏãú!üêâ
JIjZjUQuuog,UCr8oc-LOaApCXWLjL7vdsgw,2024-01-05 11:59:04+00:00,public,False,316,,,,,,,,,,,,,UKF Drum & Bass,Tom Finster - The Hole
_LPsmfOOgE0,UChAhCmcGr2sDO27t_t6ndbA,2024-01-05 12:00:07+00:00,public,False,151,,,,,,,,,,,,,SICK INDIVIDUALS,SICK INDIVIDUALS - Dizzy ft. Loui Lane (Official Lyric Video)
pQZnukPrFlM,UCWp8Rc0qh08RZKlWxNfQ6PQ,2024-01-05 12:00:48+00:00,public,False,168,,,,,,,,,,,,,HEXAGON,G-POL & ILVS - Never Look Back (Official Audio)
gQCalw_p-qk,UCP46_MXP_WG_auH88FnfS1A,2024-01-05 12:18:02+00:00,public,True,59,,,,,,,,,,,,,Nota Bene,Et si Pythagore n'avait rien invent√© ? #Shorts
7uMuS_LQU-U,UCIJZA6SJ3JjvuOZgYPYOHnA,2024-01-05 12:48:44+00:00,public,False,2631,,,,,,,,,,,,,Wiloo,‚öΩ La draft de la CAN... (avec @LesOUTSIDERZ)
1gHRBjHDXmA,UCNwFuUbJXKQpP1ot1ZEE6Yg,2024-01-05 13:00:01+00:00,public,False,139,,,,,,,,,,,,,SKINK Records,"Jack Mallett, 2 Thunders - No Other Way [Electro House]"
bV1T28HRCzc,UCpDJl2EmP7Oh90Vylx0dZtA,2024-01-05 13:00:12+00:00,public,False,199,,,,,,,,,,,,,Spinnin' Records,VASSY - Off Switch (Official Music Video)
imO86pPQxoc,UCO0sfpPwj3PGVVH_jiqBA6A,2024-01-05 13:00:40+00:00,public,False,211,,,,,,,,,,,,,Future House Cloud,Uneak - Game
n32ES2WjFKQ,UCFUMI05jgO_O88Px8qfCQeQ,2024-01-05 13:00:49+00:00,public,False,122,,,,,,,,,,,,,Tribal Trap,Emre Bayrak - L'Amour Toujours [EDM]
zuUjbXcrqng,UCXvSeBDvzmPO05k-0RyB34w,2024-01-05 13:01:14+00:00,public,False,213,,,,,,,,,,,,,Future House Music,Don Diablo & ECHoBOY - Only God Knows
v30NRbxjiWY,UCnhHe0_bk_1_0So41vsZvWw,2024-01-05 13:30:26+00:00,public,True,51,,,,,,,,,,,,,Revealed Music,DR PHUNK SHARES HOW HE MADE HIS REMIX FOR HARDWELL üî• #remix #hardwell #hardstyle
7-jxKd3KAPA,UCZyINKAa5O4FH15Zbw3L32w,2024-01-05 13:54:07+00:00,public,True,18,,,,,,,,,,,,,Julian Jordan,Take a look in my brain üß† #shorts #newmusic #champion
5evm4sZDn_M,UCZRiXu9UWkOnavBTc8DHq4g,2024-01-05 14:00:05+00:00,public,False,198,,,,,,,,,,,,,Distraction,Marc Benjamin & Ansun - Thunderstorm
EGf4KBwamXQ,UCO6Rq8SSY5ui4ptyMkLirIQ,2024-01-05 14:00:08+00:00,public,False,158,,,,,,,,,,,,,R3HAB,"R3HAB, Pelican - Loca Loca (Vion Konger Remix) (Official Visualizer)"
cwauM-zPxfM,UCWp8Rc0qh08RZKlWxNfQ6PQ,2024-01-05 14:00:27+00:00,public,False,237,,,,,,,,,,,,,HEXAGON,Daniel Kick - Hit Me Up (Official Audio)
5210XllBWqk,UCFUMI05jgO_O88Px8qfCQeQ,2024-01-05 14:08:21+00:00,public,False,93,,,,,,,,,,,,,Tribal Trap,CryJaxx & S3BZS - SOCAD√ÉO [Brazilian Phonk]
AnnQH_0ZhtA,UCTc3vxWltlHLaxZc3e56IJg,2024-01-05 15:00:12+00:00,public,False,372,,,,,,,,,,,,,House City,ANOTR & Abel Balder - Relax My Eyes (Yhork Techno Remix)
FMXCUiSXYLY,UCjPLSfHW5YMkvwSCeP8NCTQ,2024-01-05 15:00:20+00:00,public,False,206,,,,,,,,,,,,,Wave City,√òtherside - Devotion
d0ZrmeFpXV4,UCFUMI05jgO_O88Px8qfCQeQ,2024-01-05 15:00:33+00:00,public,False,139,,,,,,,,,,,,,Tribal Trap,T33N & KEAN DYSSO - Lullaby of Lillith [Phonk]
bIGXarRMztM,UCPk3RMMXAfLhMJPFpQhye9g,2024-01-05 15:00:33+00:00,public,False,3629,,,,,,,,,,,,,Ti√´sto,CLUBLIFE by Ti√´sto Episode 874
k55OFp2glps,UCPT5Q93YbgJ_7du1gV7UHQQ,2024-01-05 15:00:38+00:00,public,False,217,,,,,,,,,,,,,Hardwell,Hardwell - Oldskool Sound
kcXtjVv-mEI,UCXvSeBDvzmPO05k-0RyB34w,2024-01-05 15:00:40+00:00,public,False,252,,,,,,,,,,,,,Future House Music,Lost Frequencies & Bastille - Head Down (Extended Mix)
s3PQ4hghTOk,UC3S6m1mbQbyYed33uK3-n1w,2024-01-05 15:00:44+00:00,public,False,170,,,,,,,,,,,,,Smash The House,"Pontifexx, Leduc - I'm So Fly (Visualizer)"
xpDenhaCASc,UC3TWxgFn6UfUIK3DkF9OTIw,2024-01-05 15:00:54+00:00,public,False,128,,,,,,,,,,,,,Revealed Radar,Agus Zack & Toni Costanzi - Yourself
xrKWfHYiQek,UC-SygDfqa_ALKX3M3HE16vw,2024-01-05 15:00:58+00:00,public,False,150,,,,,,,,,,,,,Gemstone Records,Elias Veer & Sebastian Mateo feat. Jaime Deraz - Leave With You
UxNOOPLpidc,UCMOgdURr7d8pOVlc-alkfRg,2024-01-05 15:02:02+00:00,public,False,180,,,,,,,,,,,,,xKito Music,Rival x Egzod - Blood Moon (w/ Dayce Williams)
FNCAAMzuk_4,UChAhCmcGr2sDO27t_t6ndbA,2024-01-05 15:23:57+00:00,public,True,28,,,,,,,,,,,,,SICK INDIVIDUALS,DIZZY #newmusic
ykFJNURpmCU,UCnhHe0_bk_1_0So41vsZvWw,2024-01-05 15:28:30+00:00,public,True,29,,,,,,,,,,,,,Revealed Music,FROM REMIXING VIRAL SONGS TO REMIXING HARDWELL üî• #hardwell #remix #edm
7Pwm5GDPKZc,UC3hV4vnwzTUPSb7CAx4mXvg,2024-01-05 15:56:56+00:00,public,True,40,,,,,,,,,,,,,Blasterjaxx,Kicked off my last tour of 2023 at Marquee Singapore ü§Ø #goingoutwithabang #shorts
-mtxYNKSnKE,UCuCFbUOszL3QkYVUWZzKH8Q,2024-01-05 16:00:00+00:00,public,False,150,,,,,,,,,,,,,Musical Freedom,Ti√´sto x FAST BOY - All My Life (Official Audio)
Gf4e7xNlp6c,UCYD22MFqaNqXp-ogTMosW_A,2024-01-05 16:00:06+00:00,public,False,473,,,,,,,,,,,,,Kevin Tran L'Empereur,2024 : L‚ÄôANN√âE O√ô ON CONSTRUIT LES 10 PROCHAINES¬†!
FGxmCRcgUdE,UCWp8Rc0qh08RZKlWxNfQ6PQ,2024-01-05 16:00:09+00:00,public,False,187,,,,,,,,,,,,,HEXAGON,Asketa & Natan Chaim - Overdrive (Official Audio)
Nyr8croYxc4,UCGZXYc32ri4D0gSLPf2pZXQ,2024-01-05 16:00:13+00:00,public,False,171,,,,,,,,,,,,,Armada Music TV,Smokey Bubblin' B & Alex Mills - Overpowered (Official Lyric Video)
NrNxD_Y7nFo,UCpDJl2EmP7Oh90Vylx0dZtA,2024-01-05 16:00:24+00:00,public,False,204,,,,,,,,,,,,,Spinnin' Records,Morgan Page - Anyone (Official Audio)
j59765NsO2g,UC1WKD9pJt5Sa4DCVaoJSAGw,2024-01-05 16:00:25+00:00,public,False,219,,,,,,,,,,,,,JompaMusic,WINK - WHERE2GO (Elluzion Flip)
uZiD3ypqEnQ,UC4rasfm9J-X4jNl9SvXp8xA,2024-01-05 16:08:02+00:00,public,False,188,,,,,,,,,,,,,Ultra Records,Benny Benassi & Constantin - Feel The Vibe [Ultra Records]
C_w_iAU4aKg,UC8y7Xa0E1Lo6PnVsu2KJbOA,2024-01-05 16:09:47+00:00,public,False,211,,,,,,,,,,,,,Don Diablo,Don Diablo x ECHoBOY - Only God Knows | Official Music Video
6_kOt8tHqdw,UCFUMI05jgO_O88Px8qfCQeQ,2024-01-05 17:00:05+00:00,public,False,137,,,,,,,,,,,,,Tribal Trap,XO1 - DLANCALE PASE [EDM]
gSQ-yzXsc6g,UCpDJl2EmP7Oh90Vylx0dZtA,2024-01-05 17:00:24+00:00,public,True,8,,,,,,,,,,,,,Spinnin' Records,Who‚Äôs gonna tell him his phone records video?üí•#shorts #newmusic üìπ: maad.kay
SKCJb7K1rxk,UCwIgPuUJXuf2nY-nKsEvLOg,2024-01-05 17:00:30+00:00,public,False,199,,,,,,,,,,,,,AirwaveMusicTV,Ansh Pradhan - One More Night (Lyrics)
oWnp5XoxNCA,UC_aEa8K-EOJ3D6gOs7HcyNg,2024-01-05 17:00:46+00:00,public,True,9,,,,,,,,,,,,,NoCopyrightSounds,Let the light shine through ‚ú® #music #edm #electronicmusic #nocopyrightmusic
xnS9W9S8XTQ,UCRhyS_ylPQ5GWBl1lK92ftA,2024-01-05 17:03:53+00:00,public,False,576,,,,,,,,,,,,,L√©o - TechMaker,Vous allez vous faire arnaquer en 2024.
VEEoCzuyL2c,UCrUT57KGEzrCrmLb4PRgluw,2024-01-05 17:09:53+00:00,public,False,189,,,,,,,,,,,,,DIM MAK,CHYL & Cesqeaux & Never Sleep - Voyage (Visualizer)
Q452n5mkpRI,UCO0sfpPwj3PGVVH_jiqBA6A,2024-01-05 17:15:16+00:00,public,False,107,,,,,,,,,,,,,Future House Cloud,Blaze U - Changes (Techno Remix)
mW1pC_UQXWg,UCDVKYPXwdYUQfgA05CkyFSg,2024-01-05 17:49:36+00:00,public,False,134,,,,,,,,,,,,,GameChops,Maui Channel ‚ñ∏ Dj Cutman & Coffee Date lofi Remix
ieFWLmI_7Sk,UCJ6td3C9QlPO9O_J5dF4ZzA,2024-01-05 18:00:09+00:00,public,False,152,,,,,,,,,,,,,Monstercat Uncaged,nanobii - All I Want [Monstercat Release]
VGyqYJn52TI,UCa10nxShhzNrCE1o2ZOPztg,2024-01-05 18:00:15+00:00,public,False,104,,,,,,,,,,,,,Trap Nation,1HXSX - Calabria PR Phonk
k_OdGeu2KFs,UCWeg2Pkate69NFdBeuRFTAw,2024-01-05 18:00:22+00:00,public,True,48,,,,,,,,,,,,,SQUEEZIE,Je me fais intimider
KODTjQsObzI,UCRhyS_ylPQ5GWBl1lK92ftA,2024-01-05 18:25:14+00:00,public,True,59,,,,,,,,,,,,,L√©o - TechMaker,Un YouTuber a sorti une coque clavier pour iPhone √† 150‚Ç¨
9mJVNLlxTSY,UC32W3Kpoh6T6pG5PrWm0LTQ,2024-01-05 18:40:58+00:00,public,True,28,,,,,,,,,,,,,Dharma Worldwide,What a way to start 2024 üî• #shorts #edm
8PzkepkS8rs,UCLTZddgA_La9H4Ngg99t_QQ,2024-01-05 19:00:06+00:00,public,False,211,,,,,,,,,,,,,SuicideSheeep,okgiorgio - okok
HcwejYlN9jY,UC5nc_ZtjKW1htCVZVRxlQAQ,2024-01-05 19:02:05+00:00,public,False,15828,,,,,,,,,,,,,MrSuicideSheep,Best of 2023 Mix
5dGthiMgRjI,UCOhQIYaXprFIgpfvi-4qvUA,2024-01-05 19:33:37+00:00,public,False,127,,,,,,,,,,,,,Lovibes,"Aysea On The Keys, ComputerLuv - So Sick"
teZF8ZUGpgI,UCpDJl2EmP7Oh90Vylx0dZtA,2024-01-05 20:00:30+00:00,public,False,137,,,,,,,,,,,,,Spinnin' Records,Luca Testa x Lotus - Fading (Official Music Video)
Y_Wa1BjAr6I,UCmGSJVG3mCRXVOP4yZrU1Dw,2024-01-05 20:04:55+00:00,public,True,49,,,,,,,,,,,,,Johnny Harris,North Korea launched a spy satellite
xNU2BiIG0BU,UC7tD6Ifrwbiy-BoaAHEinmQ,2024-01-05 20:08:16+00:00,public,False,228,,,,,,,,,,,,,Diversity,SUPER DARK - I've Got You
75aPgZaUUeY,UCmKm7HJdOfkWLyml-fzKlVg,2024-01-05 21:00:09+00:00,public,False,3619,,,,,,,,,,,,,Afrojack,Jacked Radio #637 by AFROJACK
0eMf0X8KVUA,UCuQvsnvJcFQEtX_C_X7AtOw,2024-01-05 21:00:10+00:00,public,False,806,,,,,,,,,,,,,Chime,Chime - 2024 ID Showcase [Colour Bass]
DaO4PCdlPmg,UCPT5Q93YbgJ_7du1gV7UHQQ,2024-01-05 21:03:49+00:00,public,False,3585,,,,,,,,,,,,,Hardwell,Hardwell On Air 503
By0KOsCzMzU,UCzTR9iSH-TFC4-ocDS_ll4A,2024-01-05 22:00:06+00:00,public,False,87,,,,,,,,,,,,,Sheet Music Boss,Steel on Steel (from The Elder Scrolls V: Skyrim) - Piano Tutorial
OJAFkxRE9e4,UCulBShlQjLBSwC9bbJqAdVw,2024-01-05 23:06:09+00:00,public,False,163,,,,,,,,,,,,,Dirty Palm,Dirty Palm & KDH - Vibe
9LDPypXTMZo,UC0YlhwQabxkHb2nfRTzsTTA,2024-01-05 23:35:53+00:00,public,False,3619,,,,,,,,,,,,,Galantis,Galantis - BBC Radio 1 Annie Nightingale Quest Mix
vItzPPpNXEs,UCYO_jab_esuFRV4b17AJtAw,2024-01-06 00:00:33+00:00,public,True,60,,,,,,,,,,,,,3Blue1Brown,"Why do we call them ""scalars""?"
AcFdyzaON2w,UC4rasfm9J-X4jNl9SvXp8xA,2024-01-06 00:37:20+00:00,public,True,60,,,,,,,,,,,,,Ultra Records,‚Äòthings that go fast‚Äô the EP from @SylvanPaul is out now
BNnLn8OJ2Yw,UCGXkgynD9YyoEIVyqpaUElw,2024-01-06 07:37:21+00:00,public,False,7205,,,,,,,,,,,,,Enhanced Music,Enhanced Sessions 734 - ID Special - Hosted by Farius
Mwjp6st7Rfg,UCjPLSfHW5YMkvwSCeP8NCTQ,2024-01-06 09:15:20+00:00,public,True,41,,,,,,,,,,,,,Wave City,Subscribe for daily Wave uploads üåä
83K5P57TUu8,UCFUMI05jgO_O88Px8qfCQeQ,2024-01-06 10:00:05+00:00,public,False,99,,,,,,,,,,,,,Tribal Trap,kells - GOTTA GET THAT [Brazilian Phonk]
JFF0rNIHGBk,UCpDJl2EmP7Oh90Vylx0dZtA,2024-01-06 10:00:12+00:00,public,False,134,,,,,,,,,,,,,Spinnin' Records,THNDERZ - Cheri Cheri Lady (Official Audio)
HKE6zoOsK6Q,UCXvSeBDvzmPO05k-0RyB34w,2024-01-06 11:00:22+00:00,public,True,11,,,,,,,,,,,,,Future House Music,Is this making a sacrifice for his next gig? ü§® #shorts
OgSVYkDuHj4,UC_aEa8K-EOJ3D6gOs7HcyNg,2024-01-06 11:09:00+00:00,public,False,237,,,,,,,,,,,,,NoCopyrightSounds,Diamond Eyes - Lies | Future Trap | NCS - Copyright Free Music
7v0bF5dWiP0,UCFUMI05jgO_O88Px8qfCQeQ,2024-01-06 12:00:12+00:00,public,False,78,,,,,,,,,,,,,Tribal Trap,kells - GOTTA GET THAT (FLIP) [Electronic]
PE_d-n3IZss,UC65afEgL62PGFWXY7n6CUbA,2024-01-06 12:34:39+00:00,public,False,161,,,,,,,,,,,,,Trap City,Corona - The Rhythm of the Night (Ricky Marano Trap Remix)
5oFeX5O_Zi0,UCpDJl2EmP7Oh90Vylx0dZtA,2024-01-06 13:00:09+00:00,public,False,137,,,,,,,,,,,,,Spinnin' Records,Arem Ozguc & Arman Aydin - ALARMA! (Onur Atli Hyper Mix) [Official Audio]
2NpMcAPAZzA,UCO0sfpPwj3PGVVH_jiqBA6A,2024-01-06 13:24:00+00:00,public,False,174,,,,,,,,,,,,,Future House Cloud,Nyon & LeftLukas - Quantum Leap
m-KPV_92yBw,UCFUMI05jgO_O88Px8qfCQeQ,2024-01-06 14:00:28+00:00,public,False,105,,,,,,,,,,,,,Tribal Trap,Yury - Progress [House]
oJtuBXcNhMQ,UC4IvegtE25i1iWDUhb5bQhA,2024-01-06 14:00:37+00:00,public,False,930,,,,,,,,,,,,,Ascuns,Comment j'ai speedrun un programme de sant√©
5jERJvV9P6Q,UCBYg9_11ErMsFFNR66TRuLA,2024-01-06 15:00:03+00:00,public,False,253,,,,,,,,,,,,,Koala Kontrol,Noah Henderson - tired of healing (lyrics)
ClpuHeMzDkw,UC4rasfm9J-X4jNl9SvXp8xA,2024-01-06 15:00:08+00:00,public,False,176,,,,,,,,,,,,,Ultra Records,Tommy Genesis - Angelina (FOVOS Remix) [Ultra Records]
CBLXdjG72PI,UC3S6m1mbQbyYed33uK3-n1w,2024-01-06 15:00:14+00:00,public,False,184,,,,,,,,,,,,,Smash The House,Matt Lucker x Zaxai - Showtime (Official Audio)
Nbz52771C0Q,UCjPLSfHW5YMkvwSCeP8NCTQ,2024-01-06 15:00:16+00:00,public,False,210,,,,,,,,,,,,,Wave City,Open Ocean x Visene - Starstruck
gCAOzwxPri0,UCXvSeBDvzmPO05k-0RyB34w,2024-01-06 15:00:38+00:00,public,False,176,,,,,,,,,,,,,Future House Music,Bring Me The Horizon - Can You Feel My Heart (Laeko Remix)
zK-MC-t2cmg,UCMRrge2ToIanH-mU-2sYWFw,2024-01-06 15:00:53+00:00,public,False,225,,,,,,,,,,,,,Melodic Airwave,Z32 & Miyoki - Between The Stars (Lyrics)
4RqoKfO8OxY,UCjPLSfHW5YMkvwSCeP8NCTQ,2024-01-06 16:00:02+00:00,public,True,40,,,,,,,,,,,,,Wave City,Subscribe for daily Wave uploads üåä
EtHQYYhJXRQ,UC4IvegtE25i1iWDUhb5bQhA,2024-01-06 16:00:08+00:00,public,True,56,,,,,,,,,,,,,Ascuns,"Fais un speedrun facile, gagne un smartphone"
Y_E8fPi-Pio,UCpDJl2EmP7Oh90Vylx0dZtA,2024-01-06 16:00:20+00:00,public,False,132,,,,,,,,,,,,,Spinnin' Records,"Ale Basciano, H√ÑWK, BIONT - Macarena (Official Audio)"
omCr6LUdOGg,UC1WKD9pJt5Sa4DCVaoJSAGw,2024-01-06 16:00:34+00:00,public,False,186,,,,,,,,,,,,,JompaMusic,Hyri - Nocturnal
5T7zEclKBio,UChAhCmcGr2sDO27t_t6ndbA,2024-01-06 16:06:52+00:00,public,True,37,,,,,,,,,,,,,SICK INDIVIDUALS,Can‚Äôt wait for the summer again!
0UKvnD1HDo0,UCwIgPuUJXuf2nY-nKsEvLOg,2024-01-06 17:00:01+00:00,public,False,179,,,,,,,,,,,,,AirwaveMusicTV,Kastra & Luma - Think About You (Lyrics)
BiGU1noBzi8,UCFUMI05jgO_O88Px8qfCQeQ,2024-01-06 17:00:08+00:00,public,False,86,,,,,,,,,,,,,Tribal Trap,DJ FKU - FUNK PARA ACADEMIA [Brazilian Phonk]
IVUm3g-Ll1A,UCpDJl2EmP7Oh90Vylx0dZtA,2024-01-06 17:00:12+00:00,public,True,13,,,,,,,,,,,,,Spinnin' Records,What do you think he‚Äôs listening to?üéß #newmusic #shorts üìπ: sebastianfromboise
ml27duOMFps,UCGZXYc32ri4D0gSLPf2pZXQ,2024-01-06 17:00:19+00:00,public,True,19,,,,,,,,,,,,,Armada Music TV,3 Haslen√ºsse may be one of our favorite songs at the moment! What do you think of his reaction?!
wdQ17qaPKfo,UC-EVnno6x6-aAG6g1ZVoN3A,2024-01-06 17:00:45+00:00,public,False,6501,,,,,,,,,,,,,Oliver Heldens,Oliver Heldens - Heldeep Radio #497
z6XGtxcTcxw,UCO0sfpPwj3PGVVH_jiqBA6A,2024-01-06 17:07:19+00:00,public,False,159,,,,,,,,,,,,,Future House Cloud,Fyex & ReyTek - Ponteme
lFST4CvYJso,UCSJ4gkVC6NrvII8umztf0Ow,2024-01-06 19:34:54+00:00,public,True,6,,,,,,,,,,,,,Lofi Girl,Left my assignment to the last minute‚Ä¶ again‚Ä¶üò¨
zEGr05bh-TU,UCzTR9iSH-TFC4-ocDS_ll4A,2024-01-06 22:00:32+00:00,public,False,119,,,,,,,,,,,,,Sheet Music Boss,May (from Pok√©mon Ruby & Sapphire) - Piano Tutorial
hRWbju_Prn4,UCFUMI05jgO_O88Px8qfCQeQ,2024-01-07 10:00:29+00:00,public,False,153,,,,,,,,,,,,,Tribal Trap,Desren & Bluejeanbabiee - Follow Me [House]
h4nUj7sbwBs,UCpDJl2EmP7Oh90Vylx0dZtA,2024-01-07 10:00:35+00:00,public,False,209,,,,,,,,,,,,,Spinnin' Records,Ginchy - Uninvited (feat. Yasmin Jane) [Official Music Video]
HPKToUvKRkU,UCnEHCrot2HkySxMTmDPhZyg,2024-01-07 10:48:04+00:00,public,False,1759,,,,,,,,,,,,,Defend Intelligence,"J'ai trich√© √† un tournoi de poker professionnel avec l‚ÄôIA, √ßa a mal tourn√©..."
WnxuFvd7NQQ,UC_aEa8K-EOJ3D6gOs7HcyNg,2024-01-07 12:00:22+00:00,public,True,21,,,,,,,,,,,,,NoCopyrightSounds,What a start to the year üî• #ncs #edm #nocopyrightmusic
T3mUP5X1UDQ,UCFUMI05jgO_O88Px8qfCQeQ,2024-01-07 12:00:32+00:00,public,False,127,,,,,,,,,,,,,Tribal Trap,Seek & CHIDORI - The Automotivo Majestoso 1.0 [Brazilian Phonk]
dGS7G_lytiw,UCRhyS_ylPQ5GWBl1lK92ftA,2024-01-07 12:02:57+00:00,public,True,60,,,,,,,,,,,,,L√©o - TechMaker,La touche Windows du clavier : C‚Äôest la fin.
-0qTrbnElY0,UCpDJl2EmP7Oh90Vylx0dZtA,2024-01-07 13:00:00+00:00,public,False,215,,,,,,,,,,,,,Spinnin' Records,"NERVO, Plastik Funk & Elle Vee - Crazy (ASHER SWISSA Remix) [Official Audio]"
lbWmjg5mUXg,UCYGjxo5ifuhnmvhPvCc3DJQ,2024-01-07 13:00:38+00:00,public,False,648,,,,,,,,,,,,,Wankil Studio - Laink et Terracid,VOS PIRES CADEAUX DE NO√ãL #6
M3lhg8JIW4Y,UC_GPMS6hGLIKyafmNUsjY7g,2024-01-07 13:41:46+00:00,public,False,166,,,,,,,,,,,,,Universal Melody,The Killers - Mr. Brightside (Arcando Remix)
GJ__XdB2jsw,UCXvSeBDvzmPO05k-0RyB34w,2024-01-07 14:00:16+00:00,public,False,197,,,,,,,,,,,,,Future House Music,VASSY - Off Switch (Extended Mix)
T02hyZfgw7Y,UCjPLSfHW5YMkvwSCeP8NCTQ,2024-01-07 15:00:19+00:00,public,False,223,,,,,,,,,,,,,Wave City,EVERYST - All A Dream
dq9YNoKJmQw,UC4rasfm9J-X4jNl9SvXp8xA,2024-01-07 15:00:26+00:00,public,False,133,,,,,,,,,,,,,Ultra Records,Tommy Genesis - Angelina (Ahadadream Remix) [Ultra Records]
q7VOHMWpviA,UC3S6m1mbQbyYed33uK3-n1w,2024-01-07 15:00:40+00:00,public,False,205,,,,,,,,,,,,,Smash The House,Ale Mora & J. Griffie - Let Me Love You (Official Audio)
hD9l6e7Kipw,UC1WKD9pJt5Sa4DCVaoJSAGw,2024-01-07 16:00:20+00:00,public,False,224,,,,,,,,,,,,,JompaMusic,"Zef Parisoto, Neddie, Korva, djeb, Quartzone, NAWN & Vanatice - Cheesy Stuff"
vSfdQF28AL4,UCjPLSfHW5YMkvwSCeP8NCTQ,2024-01-07 16:00:28+00:00,public,True,38,,,,,,,,,,,,,Wave City,Subscribe for daily Wave uploads üåä
KLxx7iCX4WY,UCynBu7PDfJsCXeCSqT1QUQw,2024-01-07 16:03:57+00:00,public,False,470,,,,,,,,,,,,,Vous Avez Le Droit,Ce s√©nateur va (peut-√™tre) aller en prison...
XkizoyEB6yE,UCCMxHHciWRBBouzk-PGzmtQ,2024-01-07 16:37:02+00:00,public,False,767,,,,,,,,,,,,,Bazar du Grenier,B√âTISIER HIVER 2023
Kr9903xh-Rw,UCwIgPuUJXuf2nY-nKsEvLOg,2024-01-07 17:00:16+00:00,public,False,267,,,,,,,,,,,,,AirwaveMusicTV,Crystal Skies & SOUNDR - Growing Pains (Lyrics)
NlifxEjPGfg,UCpDJl2EmP7Oh90Vylx0dZtA,2024-01-07 17:00:21+00:00,public,True,22,,,,,,,,,,,,,Spinnin' Records,This is gonna be the year!üî• #electronicmusic #newmusic #summer2016 #newyear
FoF8uxtjyQI,UCGZXYc32ri4D0gSLPf2pZXQ,2024-01-07 17:00:30+00:00,public,True,28,,,,,,,,,,,,,Armada Music TV,Do you recognize this iconic tune? @Joris Voorn is talking about his remix of 'Access'
S_bTT2ImbkU,UCY-_QmcW09PHAImgVnKxU2g,2024-01-07 17:00:31+00:00,public,False,793,,,,,,,,,,,,,SQUEEZIE GAMING,Vous n'avez jamais vu une chute aussi honteuse üòí (LEGO Fortnite)
yE3OR2JxII4,UCCvVpbYRgYjMN7mG7qQN0Pg,2024-01-07 17:00:54+00:00,public,False,173,,,,,,,,,,,,,Bass Nation,SL!DE - SEASONS
KbiOpBrkJNI,UCO0sfpPwj3PGVVH_jiqBA6A,2024-01-07 17:25:17+00:00,public,False,161,,,,,,,,,,,,,Future House Cloud,Badscandal - Tourner Dans Le Vide
S-OShPTdfds,UCWeg2Pkate69NFdBeuRFTAw,2024-01-07 18:00:11+00:00,public,True,34,,,,,,,,,,,,,SQUEEZIE,J'ai tellement honte...
SZkdoLnJoJs,UCPfyre-gaEZkTl5oCoxtkSQ,2024-01-07 18:00:23+00:00,public,False,180,,,,,,,,,,,,,Glitch Hop Community,Kels & Ondilas - Lazers
Rk2CiZrAr1Y,UCuQvsnvJcFQEtX_C_X7AtOw,2024-01-07 21:13:40+00:00,public,True,60,,,,,,,,,,,,,Chime,4 Unreleased Tracks from my 2024 ID Showcase #colourbass #colorbass
oTHfK7mhCBk,UCzTR9iSH-TFC4-ocDS_ll4A,2024-01-07 22:00:31+00:00,public,False,83,,,,,,,,,,,,,Sheet Music Boss,Athletic Theme (from Super Mario World) - EASY Piano Tutorial
WxKSKM1qNgE,UCBYg9_11ErMsFFNR66TRuLA,2024-01-08 02:00:20+00:00,public,False,214,,,,,,,,,,,,,Koala Kontrol,Lexi Jayde - drunk text me (lyrics)
PZmvL_S_ScY,UC8X4WT5_lUXqMjeN8bGFk9w,2024-01-08 04:02:01+00:00,public,False,0,,,,,,,,,,,,,Kane Pixels,"Kane Pixels - Live Q&A (May 22, 2021)"
XIW-2ykgVPI,UCYO_jab_esuFRV4b17AJtAw,2024-01-08 07:00:19+00:00,public,True,60,,,,,,,,,,,,,3Blue1Brown,"What does it mean that light ""slows down"" in glass?"
9wj8TY8cYBg,UCO0sfpPwj3PGVVH_jiqBA6A,2024-01-08 09:14:34+00:00,public,False,131,,,,,,,,,,,,,Future House Cloud,EMDI & Maxim Schunk - Younger (ft. HARRY)
vWSkaW7QaXQ,UCw49uOTAJjGUdoAeUcp7tOg,2024-01-08 10:03:25+00:00,public,True,57,,,,,,,,,,,,,Hospital Records,When you can't stop thinking about festival season..üí≠‚òÄÔ∏è #shorts
ZtcLrEaJWaA,UCP46_MXP_WG_auH88FnfS1A,2024-01-08 11:00:26+00:00,public,False,952,,,,,,,,,,,,,Nota Bene,Les derni√®res d√©couvertes sur les vikings
QbMAYNdJ6QY,UC1vdi4J54ucetZoFAfQenMg,2024-01-08 11:26:39+00:00,public,True,14,,,,,,,,,,,,,Laidback Luke,Call me Luke the Builder! üí™üèΩüë∑üèΩ‚Äç‚ôÇÔ∏è #shorts #building #home
mgw9S6MaVq4,UCFUMI05jgO_O88Px8qfCQeQ,2024-01-08 11:45:07+00:00,public,False,65,,,,,,,,,,,,,Tribal Trap,Luga - PATA [Brazilian Phonk]
EsA4m48Rcr0,UCSXm6c-n6lsjtyjvdD0bFVw,2024-01-08 12:01:16+00:00,public,False,315,,,,,,,,,,,,,Liquicity,Natty Lou - Tempted (ft. Gemma Rose)
AbrGd0BgoRM,UCIKF1msqN7lW9gplsifOPkQ,2024-01-08 12:09:42+00:00,public,False,237,,,,,,,,,,,,,GalaxyMusic,Diamond Eyes - Lies
96JP3yAmWlo,UCr8oc-LOaApCXWLjL7vdsgw,2024-01-08 12:39:40+00:00,public,False,179,,,,,,,,,,,,,UKF Drum & Bass,Serum Vs The Riddler - 'Aint No Way 2024'
OuVf-VF8b2o,UC2ZsqkwvxEpw-aYAIJHTRDg,2024-01-08 12:41:54+00:00,public,True,14,,,,,,,,,,,,,WALL Recordings,Our label night during #ADE last year! Will we do more label nights this year?üëáüèº
UCUuaOeV_aE,UCGXkgynD9YyoEIVyqpaUElw,2024-01-08 12:48:51+00:00,public,False,212,,,,,,,,,,,,,Enhanced Music,TRU Concept feat. Romany - Fading
3ZntxbMI7rc,UCGXkgynD9YyoEIVyqpaUElw,2024-01-08 12:54:46+00:00,public,False,210,,,,,,,,,,,,,Enhanced Music,Matt Fax & Johan Vilborg - Rise
zGWkk1gTC_I,UCFUMI05jgO_O88Px8qfCQeQ,2024-01-08 13:00:51+00:00,public,False,108,,,,,,,,,,,,,Tribal Trap,RXMALIAN - DARK CRYPT [Phonk]
1G2i8ttfeno,UCO0sfpPwj3PGVVH_jiqBA6A,2024-01-08 13:06:17+00:00,public,False,169,,,,,,,,,,,,,Future House Cloud,Braaheim - How Do You Love Me
gBwo5JKgP_U,UC0n9yiP-AD2DpuuYCDwlNxQ,2024-01-08 14:00:10+00:00,public,False,274,,,,,,,,,,,,,Tasty,Kanro - Shrine [Tasty Release]
T6m2pHoQ0R8,UCiiN5Ld9pGMwcYrLUJfYlCQ,2024-01-08 14:10:55+00:00,public,True,38,,,,,,,,,,,,,Mixmash Records,‚ÄòBreak Down The House‚Äô is still an all-time favorite! üî• CC: The Stickmen Project #shorts #edm
HWzDpLtxj68,UC0n9yiP-AD2DpuuYCDwlNxQ,2024-01-08 14:22:22+00:00,public,True,42,,,,,,,,,,,,,Tasty,Kanro - Shrine
-E6Q9dZvYW0,UCu5jfQcpRLm9xhmlSd5S8xw,2024-01-08 14:28:38+00:00,public,True,36,,,,,,,,,,,,,Armin van Buuren,This is one of the craziest things I‚Äôve done! #shorts #dj #burjkhalifa
gWTfsDVfKdw,UCjPLSfHW5YMkvwSCeP8NCTQ,2024-01-08 14:59:52+00:00,public,False,179,,,,,,,,,,,,,Wave City,MYSTIK - COLD BLOODED
5LZ_GNGpCr0,UCFUMI05jgO_O88Px8qfCQeQ,2024-01-08 15:00:07+00:00,public,False,84,,,,,,,,,,,,,Tribal Trap,DVNEK - MJK [Brazilian Phonk]
GUMNk5s4Fmw,UCXvSeBDvzmPO05k-0RyB34w,2024-01-08 15:00:12+00:00,public,False,190,,,,,,,,,,,,,Future House Music,DJ Kuba & Neitan x Bounce Inc. - Blade
ehxEQH22ydM,UCMRrge2ToIanH-mU-2sYWFw,2024-01-08 15:00:36+00:00,public,False,228,,,,,,,,,,,,,Melodic Airwave,Cyazon - Next To You (Lyrics) feat. Dani King
eprs1VQn_G8,UC4rasfm9J-X4jNl9SvXp8xA,2024-01-08 15:00:37+00:00,public,False,133,,,,,,,,,,,,,Ultra Records,Tommy Genesis - Angelina (Dwells Remix) [Ultra Records]
-Mvf_7wt2yk,UCjPLSfHW5YMkvwSCeP8NCTQ,2024-01-08 16:00:00+00:00,public,True,41,,,,,,,,,,,,,Wave City,MYSTIK - COLD BLOODED
c37iPjaIeps,UCfLFTP1uTuIizynWsZq2nkQ,2024-01-08 16:00:03+00:00,public,False,175,,,,,,,,,,,,,UKF Dubstep,"NGHTMRE, Jon Casey, Pauline Herr - In Your Eyes"
4XsZXPJoigM,UCpDJl2EmP7Oh90Vylx0dZtA,2024-01-08 16:00:05+00:00,public,False,153,,,,,,,,,,,,,Spinnin' Records,NOYSE - By Your Side (Official Music Video)
8GzaGihPSmc,UCB-7IEpKGIdXkgGUObE5D5A,2024-01-08 16:00:08+00:00,public,False,2129,,,,,,,,,,,,,STMPD RCRDS,Breathe Carolina and Ryos review the Novocaine remixes
TYk9K07G1BE,UC1WKD9pJt5Sa4DCVaoJSAGw,2024-01-08 16:00:15+00:00,public,False,257,,,,,,,,,,,,,JompaMusic,More Plastic & Halvorsen - Sunrise
xkzoeT63Esg,UC3hV4vnwzTUPSb7CAx4mXvg,2024-01-08 16:03:15+00:00,public,True,29,,,,,,,,,,,,,Blasterjaxx,Drop a comment if you‚Äôd party on this one üëÄ üí£ #Rave #Blasterjaxx
k4bwkTQ1T5o,UC3S6m1mbQbyYed33uK3-n1w,2024-01-08 16:10:11+00:00,public,True,23,,,,,,,,,,,,,Smash The House,This guy should be treated to a beer for his improvisation skills!! #festivalmusic #electronicmusic
arSScAZlUY0,UCOhQIYaXprFIgpfvi-4qvUA,2024-01-08 16:10:56+00:00,public,False,133,,,,,,,,,,,,,Lovibes,"Tah., Aiguille - Fairy Realm"
OXzxoDtJNH4,UCKjDY4joMPcoRMmd-G1yz1Q,2024-01-08 16:47:36+00:00,public,True,60,,,,,,,,,,,,,C'est une autre histoire,Le dernier tableau de Vincent van Gogh
TJ2Wn3H8pGM,UCj_Y-xJ2DRDGP4ilfzplCOQ,2024-01-08 16:54:34+00:00,public,True,11,,,,,,,,,,,,,House Nation,Who does this?üòÇüôåüèº #house #edm #funny #lmao #2024 #shorts #electronicmusic
IdIId6l60BA,UCr8oc-LOaApCXWLjL7vdsgw,2024-01-08 16:59:50+00:00,public,False,206,,,,,,,,,,,,,UKF Drum & Bass,Andromedik & Lexurus - Adrenaline (ft. Nu-La)
3k4ul_SLO4I,UCwIgPuUJXuf2nY-nKsEvLOg,2024-01-08 17:00:05+00:00,public,False,176,,,,,,,,,,,,,AirwaveMusicTV,"Alok, The Chainsmokers & Mae Stephens - Jungle (Lyrics)"
X76sjJVt23w,UCFUMI05jgO_O88Px8qfCQeQ,2024-01-08 17:00:19+00:00,public,False,88,,,,,,,,,,,,,Tribal Trap,CHXSE WAVE - BEIJINHO [Electronic]
eBL4Kzyu46A,UCpDJl2EmP7Oh90Vylx0dZtA,2024-01-08 17:00:36+00:00,public,True,61,,,,,,,,,,,,,Spinnin' Records,Check out the BTS of VASSY‚Äôs new electrifying track ‚ÄúOff Switch‚Äùüîå#newmusic #behindthetrack #shorts
lJL1YgJBwYA,UCO0sfpPwj3PGVVH_jiqBA6A,2024-01-08 17:04:23+00:00,public,False,143,,,,,,,,,,,,,Future House Cloud,Yohan Gerber & Poylow - I‚Äôm Good
hZ62PZz7tsM,UCeVpI1jEdMUfboWOtl_Bq6g,2024-01-08 17:37:28+00:00,public,False,1746,,,,,,,,,,,,,Iconoclaste,4 S√©curit√©s Vraiment ABUS√âES du Jeu Vid√©o
zf6lYN0Krx4,UCZ8kV8vuMdDLSerCIFfWnFQ,2024-01-08 17:37:29+00:00,public,True,52,,,,,,,,,,,,,Studio Bagel,"Dire √† nos potes qu'on est fiers d'eux, c'est important ‚ù§Ô∏è #hotones #comedy #speech #hakimjemili"
-cp3QBQQOhs,UCJ6td3C9QlPO9O_J5dF4ZzA,2024-01-08 18:00:08+00:00,public,False,177,,,,,,,,,,,,,Monstercat Uncaged,Bad Computer & Ryan Coss - 4D [Monstercat Release]
aSw2Oloh20c,UCRhyS_ylPQ5GWBl1lK92ftA,2024-01-08 18:06:09+00:00,public,True,61,,,,,,,,,,,,,L√©o - TechMaker,Le plus gros fail de 2024
X9FhWVTwvwU,UCuw1VDsmOWOldKGLYq6AkVg,2024-01-08 19:33:43+00:00,public,False,1399,,,,,,,,,,,,,Lofi Girl - Chill Beats,Blurred Figures x another silent weekend - the art of noticing üè® [lofi hip hop/relaxing beats]
1hzdGLKlpaA,UCuQvsnvJcFQEtX_C_X7AtOw,2024-01-08 20:52:00+00:00,public,True,60,,,,,,,,,,,,,Chime,4 More Unreleased Tracks From My 2024 ID Showcase #colourbass #colorbass
